test0n;test0v;test0@fh.de;0
test1n;test1v;test1@fh.de;1
test2n;test2v;test2@fh.de;2
test3n;test3v;test3@fh.de;3
test4n;test4v;test4@fh.de;4
test5n;test5v;test5@fh.de;5
test6n;test6v;test6@fh.de;6
test7n;test7v;test7@fh.de;7
test8n;test8v;test8@fh.de;8
test9n;test9v;test9@fh.de;9
test10n;test10v;test10@fh.de;10
test11n;test11v;test11@fh.de;11
test12n;test12v;test12@fh.de;12
test13n;test13v;test13@fh.de;13
test14n;test14v;test14@fh.de;14
test15n;test15v;test15@fh.de;15
test16n;test16v;test16@fh.de;16
test17n;test17v;test17@fh.de;17
test18n;test18v;test18@fh.de;18
test19n;test19v;test19@fh.de;19
test20n;test20v;test20@fh.de;20
test21n;test21v;test21@fh.de;21
test22n;test22v;test22@fh.de;22
test23n;test23v;test23@fh.de;23
test24n;test24v;test24@fh.de;24
test25n;test25v;test25@fh.de;25
test26n;test26v;test26@fh.de;26
test27n;test27v;test27@fh.de;27
test28n;test28v;test28@fh.de;28
test29n;test29v;test29@fh.de;29
test30n;test30v;test30@fh.de;30
test31n;test31v;test31@fh.de;31
test32n;test32v;test32@fh.de;32
test33n;test33v;test33@fh.de;33
test34n;test34v;test34@fh.de;34
test35n;test35v;test35@fh.de;35
test36n;test36v;test36@fh.de;36
test37n;test37v;test37@fh.de;37
test38n;test38v;test38@fh.de;38
test39n;test39v;test39@fh.de;39
test40n;test40v;test40@fh.de;40
test41n;test41v;test41@fh.de;41
test42n;test42v;test42@fh.de;42
test43n;test43v;test43@fh.de;43
test44n;test44v;test44@fh.de;44
test45n;test45v;test45@fh.de;45
test46n;test46v;test46@fh.de;46
test47n;test47v;test47@fh.de;47
test48n;test48v;test48@fh.de;48
test49n;test49v;test49@fh.de;49
test50n;test50v;test50@fh.de;50
test51n;test51v;test51@fh.de;51
test52n;test52v;test52@fh.de;52
test53n;test53v;test53@fh.de;53
test54n;test54v;test54@fh.de;54
test55n;test55v;test55@fh.de;55
test56n;test56v;test56@fh.de;56
test57n;test57v;test57@fh.de;57
test58n;test58v;test58@fh.de;58
test59n;test59v;test59@fh.de;59
test60n;test60v;test60@fh.de;60
test61n;test61v;test61@fh.de;61
test62n;test62v;test62@fh.de;62
test63n;test63v;test63@fh.de;63
test64n;test64v;test64@fh.de;64
test65n;test65v;test65@fh.de;65
test66n;test66v;test66@fh.de;66
test67n;test67v;test67@fh.de;67
test68n;test68v;test68@fh.de;68
test69n;test69v;test69@fh.de;69
test70n;test70v;test70@fh.de;70
test71n;test71v;test71@fh.de;71
test72n;test72v;test72@fh.de;72
test73n;test73v;test73@fh.de;73
test74n;test74v;test74@fh.de;74
test75n;test75v;test75@fh.de;75
test76n;test76v;test76@fh.de;76
test77n;test77v;test77@fh.de;77
test78n;test78v;test78@fh.de;78
test79n;test79v;test79@fh.de;79
test80n;test80v;test80@fh.de;80
test81n;test81v;test81@fh.de;81
test82n;test82v;test82@fh.de;82
test83n;test83v;test83@fh.de;83
test84n;test84v;test84@fh.de;84
test85n;test85v;test85@fh.de;85
test86n;test86v;test86@fh.de;86
test87n;test87v;test87@fh.de;87
test88n;test88v;test88@fh.de;88
test89n;test89v;test89@fh.de;89
test90n;test90v;test90@fh.de;90
test91n;test91v;test91@fh.de;91
test92n;test92v;test92@fh.de;92
test93n;test93v;test93@fh.de;93
test94n;test94v;test94@fh.de;94
test95n;test95v;test95@fh.de;95
test96n;test96v;test96@fh.de;96
test97n;test97v;test97@fh.de;97
test98n;test98v;test98@fh.de;98
test99n;test99v;test99@fh.de;99
test100n;test100v;test100@fh.de;100
test101n;test101v;test101@fh.de;101
test102n;test102v;test102@fh.de;102
test103n;test103v;test103@fh.de;103
test104n;test104v;test104@fh.de;104
test105n;test105v;test105@fh.de;105
test106n;test106v;test106@fh.de;106
test107n;test107v;test107@fh.de;107
test108n;test108v;test108@fh.de;108
test109n;test109v;test109@fh.de;109
test110n;test110v;test110@fh.de;110
test111n;test111v;test111@fh.de;111
test112n;test112v;test112@fh.de;112
test113n;test113v;test113@fh.de;113
test114n;test114v;test114@fh.de;114
test115n;test115v;test115@fh.de;115
test116n;test116v;test116@fh.de;116
test117n;test117v;test117@fh.de;117
test118n;test118v;test118@fh.de;118
test119n;test119v;test119@fh.de;119
test120n;test120v;test120@fh.de;120
test121n;test121v;test121@fh.de;121
test122n;test122v;test122@fh.de;122
test123n;test123v;test123@fh.de;123
test124n;test124v;test124@fh.de;124
test125n;test125v;test125@fh.de;125
test126n;test126v;test126@fh.de;126
test127n;test127v;test127@fh.de;127
test128n;test128v;test128@fh.de;128
test129n;test129v;test129@fh.de;129
test130n;test130v;test130@fh.de;130
test131n;test131v;test131@fh.de;131
test132n;test132v;test132@fh.de;132
test133n;test133v;test133@fh.de;133
test134n;test134v;test134@fh.de;134
test135n;test135v;test135@fh.de;135
test136n;test136v;test136@fh.de;136
test137n;test137v;test137@fh.de;137
test138n;test138v;test138@fh.de;138
test139n;test139v;test139@fh.de;139
test140n;test140v;test140@fh.de;140
test141n;test141v;test141@fh.de;141
test142n;test142v;test142@fh.de;142
test143n;test143v;test143@fh.de;143
test144n;test144v;test144@fh.de;144
test145n;test145v;test145@fh.de;145
test146n;test146v;test146@fh.de;146
test147n;test147v;test147@fh.de;147
test148n;test148v;test148@fh.de;148
test149n;test149v;test149@fh.de;149
test150n;test150v;test150@fh.de;150
test151n;test151v;test151@fh.de;151
test152n;test152v;test152@fh.de;152
test153n;test153v;test153@fh.de;153
test154n;test154v;test154@fh.de;154
test155n;test155v;test155@fh.de;155
test156n;test156v;test156@fh.de;156
test157n;test157v;test157@fh.de;157
test158n;test158v;test158@fh.de;158
test159n;test159v;test159@fh.de;159
test160n;test160v;test160@fh.de;160
test161n;test161v;test161@fh.de;161
test162n;test162v;test162@fh.de;162
test163n;test163v;test163@fh.de;163
test164n;test164v;test164@fh.de;164
test165n;test165v;test165@fh.de;165
test166n;test166v;test166@fh.de;166
test167n;test167v;test167@fh.de;167
test168n;test168v;test168@fh.de;168
test169n;test169v;test169@fh.de;169
test170n;test170v;test170@fh.de;170
test171n;test171v;test171@fh.de;171
test172n;test172v;test172@fh.de;172
test173n;test173v;test173@fh.de;173
test174n;test174v;test174@fh.de;174
test175n;test175v;test175@fh.de;175
test176n;test176v;test176@fh.de;176
test177n;test177v;test177@fh.de;177
test178n;test178v;test178@fh.de;178
test179n;test179v;test179@fh.de;179
test180n;test180v;test180@fh.de;180
test181n;test181v;test181@fh.de;181
test182n;test182v;test182@fh.de;182
test183n;test183v;test183@fh.de;183
test184n;test184v;test184@fh.de;184
test185n;test185v;test185@fh.de;185
test186n;test186v;test186@fh.de;186
test187n;test187v;test187@fh.de;187
test188n;test188v;test188@fh.de;188
test189n;test189v;test189@fh.de;189
test190n;test190v;test190@fh.de;190
test191n;test191v;test191@fh.de;191
test192n;test192v;test192@fh.de;192
test193n;test193v;test193@fh.de;193
test194n;test194v;test194@fh.de;194
test195n;test195v;test195@fh.de;195
test196n;test196v;test196@fh.de;196
test197n;test197v;test197@fh.de;197
test198n;test198v;test198@fh.de;198
test199n;test199v;test199@fh.de;199
test200n;test200v;test200@fh.de;200
test201n;test201v;test201@fh.de;201
test202n;test202v;test202@fh.de;202
test203n;test203v;test203@fh.de;203
test204n;test204v;test204@fh.de;204
test205n;test205v;test205@fh.de;205
test206n;test206v;test206@fh.de;206
test207n;test207v;test207@fh.de;207
test208n;test208v;test208@fh.de;208
test209n;test209v;test209@fh.de;209
test210n;test210v;test210@fh.de;210
test211n;test211v;test211@fh.de;211
test212n;test212v;test212@fh.de;212
test213n;test213v;test213@fh.de;213
test214n;test214v;test214@fh.de;214
test215n;test215v;test215@fh.de;215
test216n;test216v;test216@fh.de;216
test217n;test217v;test217@fh.de;217
test218n;test218v;test218@fh.de;218
test219n;test219v;test219@fh.de;219
test220n;test220v;test220@fh.de;220
test221n;test221v;test221@fh.de;221
test222n;test222v;test222@fh.de;222
test223n;test223v;test223@fh.de;223
test224n;test224v;test224@fh.de;224
test225n;test225v;test225@fh.de;225
test226n;test226v;test226@fh.de;226
test227n;test227v;test227@fh.de;227
test228n;test228v;test228@fh.de;228
test229n;test229v;test229@fh.de;229
test230n;test230v;test230@fh.de;230
test231n;test231v;test231@fh.de;231
test232n;test232v;test232@fh.de;232
test233n;test233v;test233@fh.de;233
test234n;test234v;test234@fh.de;234
test235n;test235v;test235@fh.de;235
test236n;test236v;test236@fh.de;236
test237n;test237v;test237@fh.de;237
test238n;test238v;test238@fh.de;238
test239n;test239v;test239@fh.de;239
test240n;test240v;test240@fh.de;240
test241n;test241v;test241@fh.de;241
test242n;test242v;test242@fh.de;242
test243n;test243v;test243@fh.de;243
test244n;test244v;test244@fh.de;244
test245n;test245v;test245@fh.de;245
test246n;test246v;test246@fh.de;246
test247n;test247v;test247@fh.de;247
test248n;test248v;test248@fh.de;248
test249n;test249v;test249@fh.de;249
test250n;test250v;test250@fh.de;250
test251n;test251v;test251@fh.de;251
test252n;test252v;test252@fh.de;252
test253n;test253v;test253@fh.de;253
test254n;test254v;test254@fh.de;254
test255n;test255v;test255@fh.de;255
test256n;test256v;test256@fh.de;256
test257n;test257v;test257@fh.de;257
test258n;test258v;test258@fh.de;258
test259n;test259v;test259@fh.de;259
test260n;test260v;test260@fh.de;260
test261n;test261v;test261@fh.de;261
test262n;test262v;test262@fh.de;262
test263n;test263v;test263@fh.de;263
test264n;test264v;test264@fh.de;264
test265n;test265v;test265@fh.de;265
test266n;test266v;test266@fh.de;266
test267n;test267v;test267@fh.de;267
test268n;test268v;test268@fh.de;268
test269n;test269v;test269@fh.de;269
test270n;test270v;test270@fh.de;270
test271n;test271v;test271@fh.de;271
test272n;test272v;test272@fh.de;272
test273n;test273v;test273@fh.de;273
test274n;test274v;test274@fh.de;274
test275n;test275v;test275@fh.de;275
test276n;test276v;test276@fh.de;276
test277n;test277v;test277@fh.de;277
test278n;test278v;test278@fh.de;278
test279n;test279v;test279@fh.de;279
test280n;test280v;test280@fh.de;280
test281n;test281v;test281@fh.de;281
test282n;test282v;test282@fh.de;282
test283n;test283v;test283@fh.de;283
test284n;test284v;test284@fh.de;284
test285n;test285v;test285@fh.de;285
test286n;test286v;test286@fh.de;286
test287n;test287v;test287@fh.de;287
test288n;test288v;test288@fh.de;288
test289n;test289v;test289@fh.de;289
test290n;test290v;test290@fh.de;290
test291n;test291v;test291@fh.de;291
test292n;test292v;test292@fh.de;292
test293n;test293v;test293@fh.de;293
test294n;test294v;test294@fh.de;294
test295n;test295v;test295@fh.de;295
test296n;test296v;test296@fh.de;296
test297n;test297v;test297@fh.de;297
test298n;test298v;test298@fh.de;298
test299n;test299v;test299@fh.de;299
test300n;test300v;test300@fh.de;300
test301n;test301v;test301@fh.de;301
test302n;test302v;test302@fh.de;302
test303n;test303v;test303@fh.de;303
test304n;test304v;test304@fh.de;304
test305n;test305v;test305@fh.de;305
test306n;test306v;test306@fh.de;306
test307n;test307v;test307@fh.de;307
test308n;test308v;test308@fh.de;308
test309n;test309v;test309@fh.de;309
test310n;test310v;test310@fh.de;310
test311n;test311v;test311@fh.de;311
test312n;test312v;test312@fh.de;312
test313n;test313v;test313@fh.de;313
test314n;test314v;test314@fh.de;314
test315n;test315v;test315@fh.de;315
test316n;test316v;test316@fh.de;316
test317n;test317v;test317@fh.de;317
test318n;test318v;test318@fh.de;318
test319n;test319v;test319@fh.de;319
test320n;test320v;test320@fh.de;320
test321n;test321v;test321@fh.de;321
test322n;test322v;test322@fh.de;322
test323n;test323v;test323@fh.de;323
test324n;test324v;test324@fh.de;324
test325n;test325v;test325@fh.de;325
test326n;test326v;test326@fh.de;326
test327n;test327v;test327@fh.de;327
test328n;test328v;test328@fh.de;328
test329n;test329v;test329@fh.de;329
test330n;test330v;test330@fh.de;330
test331n;test331v;test331@fh.de;331
test332n;test332v;test332@fh.de;332
test333n;test333v;test333@fh.de;333
test334n;test334v;test334@fh.de;334
test335n;test335v;test335@fh.de;335
test336n;test336v;test336@fh.de;336
test337n;test337v;test337@fh.de;337
test338n;test338v;test338@fh.de;338
test339n;test339v;test339@fh.de;339
test340n;test340v;test340@fh.de;340
test341n;test341v;test341@fh.de;341
test342n;test342v;test342@fh.de;342
test343n;test343v;test343@fh.de;343
test344n;test344v;test344@fh.de;344
test345n;test345v;test345@fh.de;345
test346n;test346v;test346@fh.de;346
test347n;test347v;test347@fh.de;347
test348n;test348v;test348@fh.de;348
test349n;test349v;test349@fh.de;349
test350n;test350v;test350@fh.de;350
test351n;test351v;test351@fh.de;351
test352n;test352v;test352@fh.de;352
test353n;test353v;test353@fh.de;353
test354n;test354v;test354@fh.de;354
test355n;test355v;test355@fh.de;355
test356n;test356v;test356@fh.de;356
test357n;test357v;test357@fh.de;357
test358n;test358v;test358@fh.de;358
test359n;test359v;test359@fh.de;359
test360n;test360v;test360@fh.de;360
test361n;test361v;test361@fh.de;361
test362n;test362v;test362@fh.de;362
test363n;test363v;test363@fh.de;363
test364n;test364v;test364@fh.de;364
test365n;test365v;test365@fh.de;365
test366n;test366v;test366@fh.de;366
test367n;test367v;test367@fh.de;367
test368n;test368v;test368@fh.de;368
test369n;test369v;test369@fh.de;369
test370n;test370v;test370@fh.de;370
test371n;test371v;test371@fh.de;371
test372n;test372v;test372@fh.de;372
test373n;test373v;test373@fh.de;373
test374n;test374v;test374@fh.de;374
test375n;test375v;test375@fh.de;375
test376n;test376v;test376@fh.de;376
test377n;test377v;test377@fh.de;377
test378n;test378v;test378@fh.de;378
test379n;test379v;test379@fh.de;379
test380n;test380v;test380@fh.de;380
test381n;test381v;test381@fh.de;381
test382n;test382v;test382@fh.de;382
test383n;test383v;test383@fh.de;383
test384n;test384v;test384@fh.de;384
test385n;test385v;test385@fh.de;385
test386n;test386v;test386@fh.de;386
test387n;test387v;test387@fh.de;387
test388n;test388v;test388@fh.de;388
test389n;test389v;test389@fh.de;389
test390n;test390v;test390@fh.de;390
test391n;test391v;test391@fh.de;391
test392n;test392v;test392@fh.de;392
test393n;test393v;test393@fh.de;393
test394n;test394v;test394@fh.de;394
test395n;test395v;test395@fh.de;395
test396n;test396v;test396@fh.de;396
test397n;test397v;test397@fh.de;397
test398n;test398v;test398@fh.de;398
test399n;test399v;test399@fh.de;399
test400n;test400v;test400@fh.de;400
test401n;test401v;test401@fh.de;401
test402n;test402v;test402@fh.de;402
test403n;test403v;test403@fh.de;403
test404n;test404v;test404@fh.de;404
test405n;test405v;test405@fh.de;405
test406n;test406v;test406@fh.de;406
test407n;test407v;test407@fh.de;407
test408n;test408v;test408@fh.de;408
test409n;test409v;test409@fh.de;409
test410n;test410v;test410@fh.de;410
test411n;test411v;test411@fh.de;411
test412n;test412v;test412@fh.de;412
test413n;test413v;test413@fh.de;413
test414n;test414v;test414@fh.de;414
test415n;test415v;test415@fh.de;415
test416n;test416v;test416@fh.de;416
test417n;test417v;test417@fh.de;417
test418n;test418v;test418@fh.de;418
test419n;test419v;test419@fh.de;419
test420n;test420v;test420@fh.de;420
test421n;test421v;test421@fh.de;421
test422n;test422v;test422@fh.de;422
test423n;test423v;test423@fh.de;423
test424n;test424v;test424@fh.de;424
test425n;test425v;test425@fh.de;425
test426n;test426v;test426@fh.de;426
test427n;test427v;test427@fh.de;427
test428n;test428v;test428@fh.de;428
test429n;test429v;test429@fh.de;429
test430n;test430v;test430@fh.de;430
test431n;test431v;test431@fh.de;431
test432n;test432v;test432@fh.de;432
test433n;test433v;test433@fh.de;433
test434n;test434v;test434@fh.de;434
test435n;test435v;test435@fh.de;435
test436n;test436v;test436@fh.de;436
test437n;test437v;test437@fh.de;437
test438n;test438v;test438@fh.de;438
test439n;test439v;test439@fh.de;439
test440n;test440v;test440@fh.de;440
test441n;test441v;test441@fh.de;441
test442n;test442v;test442@fh.de;442
test443n;test443v;test443@fh.de;443
test444n;test444v;test444@fh.de;444
test445n;test445v;test445@fh.de;445
test446n;test446v;test446@fh.de;446
test447n;test447v;test447@fh.de;447
test448n;test448v;test448@fh.de;448
test449n;test449v;test449@fh.de;449
test450n;test450v;test450@fh.de;450
test451n;test451v;test451@fh.de;451
test452n;test452v;test452@fh.de;452
test453n;test453v;test453@fh.de;453
test454n;test454v;test454@fh.de;454
test455n;test455v;test455@fh.de;455
test456n;test456v;test456@fh.de;456
test457n;test457v;test457@fh.de;457
test458n;test458v;test458@fh.de;458
test459n;test459v;test459@fh.de;459
test460n;test460v;test460@fh.de;460
test461n;test461v;test461@fh.de;461
test462n;test462v;test462@fh.de;462
test463n;test463v;test463@fh.de;463
test464n;test464v;test464@fh.de;464
test465n;test465v;test465@fh.de;465
test466n;test466v;test466@fh.de;466
test467n;test467v;test467@fh.de;467
test468n;test468v;test468@fh.de;468
test469n;test469v;test469@fh.de;469
test470n;test470v;test470@fh.de;470
test471n;test471v;test471@fh.de;471
test472n;test472v;test472@fh.de;472
test473n;test473v;test473@fh.de;473
test474n;test474v;test474@fh.de;474
test475n;test475v;test475@fh.de;475
test476n;test476v;test476@fh.de;476
test477n;test477v;test477@fh.de;477
test478n;test478v;test478@fh.de;478
test479n;test479v;test479@fh.de;479
test480n;test480v;test480@fh.de;480
test481n;test481v;test481@fh.de;481
test482n;test482v;test482@fh.de;482
test483n;test483v;test483@fh.de;483
test484n;test484v;test484@fh.de;484
test485n;test485v;test485@fh.de;485
test486n;test486v;test486@fh.de;486
test487n;test487v;test487@fh.de;487
test488n;test488v;test488@fh.de;488
test489n;test489v;test489@fh.de;489
test490n;test490v;test490@fh.de;490
test491n;test491v;test491@fh.de;491
test492n;test492v;test492@fh.de;492
test493n;test493v;test493@fh.de;493
test494n;test494v;test494@fh.de;494
test495n;test495v;test495@fh.de;495
test496n;test496v;test496@fh.de;496
test497n;test497v;test497@fh.de;497
test498n;test498v;test498@fh.de;498
test499n;test499v;test499@fh.de;499
test500n;test500v;test500@fh.de;500
test501n;test501v;test501@fh.de;501
test502n;test502v;test502@fh.de;502
test503n;test503v;test503@fh.de;503
test504n;test504v;test504@fh.de;504
test505n;test505v;test505@fh.de;505
test506n;test506v;test506@fh.de;506
test507n;test507v;test507@fh.de;507
test508n;test508v;test508@fh.de;508
test509n;test509v;test509@fh.de;509
test510n;test510v;test510@fh.de;510
test511n;test511v;test511@fh.de;511
test512n;test512v;test512@fh.de;512
test513n;test513v;test513@fh.de;513
test514n;test514v;test514@fh.de;514
test515n;test515v;test515@fh.de;515
test516n;test516v;test516@fh.de;516
test517n;test517v;test517@fh.de;517
test518n;test518v;test518@fh.de;518
test519n;test519v;test519@fh.de;519
test520n;test520v;test520@fh.de;520
test521n;test521v;test521@fh.de;521
test522n;test522v;test522@fh.de;522
test523n;test523v;test523@fh.de;523
test524n;test524v;test524@fh.de;524
test525n;test525v;test525@fh.de;525
test526n;test526v;test526@fh.de;526
test527n;test527v;test527@fh.de;527
test528n;test528v;test528@fh.de;528
test529n;test529v;test529@fh.de;529
test530n;test530v;test530@fh.de;530
test531n;test531v;test531@fh.de;531
test532n;test532v;test532@fh.de;532
test533n;test533v;test533@fh.de;533
test534n;test534v;test534@fh.de;534
test535n;test535v;test535@fh.de;535
test536n;test536v;test536@fh.de;536
test537n;test537v;test537@fh.de;537
test538n;test538v;test538@fh.de;538
test539n;test539v;test539@fh.de;539
test540n;test540v;test540@fh.de;540
test541n;test541v;test541@fh.de;541
test542n;test542v;test542@fh.de;542
test543n;test543v;test543@fh.de;543
test544n;test544v;test544@fh.de;544
test545n;test545v;test545@fh.de;545
test546n;test546v;test546@fh.de;546
test547n;test547v;test547@fh.de;547
test548n;test548v;test548@fh.de;548
test549n;test549v;test549@fh.de;549
test550n;test550v;test550@fh.de;550
test551n;test551v;test551@fh.de;551
test552n;test552v;test552@fh.de;552
test553n;test553v;test553@fh.de;553
test554n;test554v;test554@fh.de;554
test555n;test555v;test555@fh.de;555
test556n;test556v;test556@fh.de;556
test557n;test557v;test557@fh.de;557
test558n;test558v;test558@fh.de;558
test559n;test559v;test559@fh.de;559
test560n;test560v;test560@fh.de;560
test561n;test561v;test561@fh.de;561
test562n;test562v;test562@fh.de;562
test563n;test563v;test563@fh.de;563
test564n;test564v;test564@fh.de;564
test565n;test565v;test565@fh.de;565
test566n;test566v;test566@fh.de;566
test567n;test567v;test567@fh.de;567
test568n;test568v;test568@fh.de;568
test569n;test569v;test569@fh.de;569
test570n;test570v;test570@fh.de;570
test571n;test571v;test571@fh.de;571
test572n;test572v;test572@fh.de;572
test573n;test573v;test573@fh.de;573
test574n;test574v;test574@fh.de;574
test575n;test575v;test575@fh.de;575
test576n;test576v;test576@fh.de;576
test577n;test577v;test577@fh.de;577
test578n;test578v;test578@fh.de;578
test579n;test579v;test579@fh.de;579
test580n;test580v;test580@fh.de;580
test581n;test581v;test581@fh.de;581
test582n;test582v;test582@fh.de;582
test583n;test583v;test583@fh.de;583
test584n;test584v;test584@fh.de;584
test585n;test585v;test585@fh.de;585
test586n;test586v;test586@fh.de;586
test587n;test587v;test587@fh.de;587
test588n;test588v;test588@fh.de;588
test589n;test589v;test589@fh.de;589
test590n;test590v;test590@fh.de;590
test591n;test591v;test591@fh.de;591
test592n;test592v;test592@fh.de;592
test593n;test593v;test593@fh.de;593
test594n;test594v;test594@fh.de;594
test595n;test595v;test595@fh.de;595
test596n;test596v;test596@fh.de;596
test597n;test597v;test597@fh.de;597
test598n;test598v;test598@fh.de;598
test599n;test599v;test599@fh.de;599
test600n;test600v;test600@fh.de;600
test601n;test601v;test601@fh.de;601
test602n;test602v;test602@fh.de;602
test603n;test603v;test603@fh.de;603
test604n;test604v;test604@fh.de;604
test605n;test605v;test605@fh.de;605
test606n;test606v;test606@fh.de;606
test607n;test607v;test607@fh.de;607
test608n;test608v;test608@fh.de;608
test609n;test609v;test609@fh.de;609
test610n;test610v;test610@fh.de;610
test611n;test611v;test611@fh.de;611
test612n;test612v;test612@fh.de;612
test613n;test613v;test613@fh.de;613
test614n;test614v;test614@fh.de;614
test615n;test615v;test615@fh.de;615
test616n;test616v;test616@fh.de;616
test617n;test617v;test617@fh.de;617
test618n;test618v;test618@fh.de;618
test619n;test619v;test619@fh.de;619
test620n;test620v;test620@fh.de;620
test621n;test621v;test621@fh.de;621
test622n;test622v;test622@fh.de;622
test623n;test623v;test623@fh.de;623
test624n;test624v;test624@fh.de;624
test625n;test625v;test625@fh.de;625
test626n;test626v;test626@fh.de;626
test627n;test627v;test627@fh.de;627
test628n;test628v;test628@fh.de;628
test629n;test629v;test629@fh.de;629
test630n;test630v;test630@fh.de;630
test631n;test631v;test631@fh.de;631
test632n;test632v;test632@fh.de;632
test633n;test633v;test633@fh.de;633
test634n;test634v;test634@fh.de;634
test635n;test635v;test635@fh.de;635
test636n;test636v;test636@fh.de;636
test637n;test637v;test637@fh.de;637
test638n;test638v;test638@fh.de;638
test639n;test639v;test639@fh.de;639
test640n;test640v;test640@fh.de;640
test641n;test641v;test641@fh.de;641
test642n;test642v;test642@fh.de;642
test643n;test643v;test643@fh.de;643
test644n;test644v;test644@fh.de;644
test645n;test645v;test645@fh.de;645
test646n;test646v;test646@fh.de;646
test647n;test647v;test647@fh.de;647
test648n;test648v;test648@fh.de;648
test649n;test649v;test649@fh.de;649
test650n;test650v;test650@fh.de;650
test651n;test651v;test651@fh.de;651
test652n;test652v;test652@fh.de;652
test653n;test653v;test653@fh.de;653
test654n;test654v;test654@fh.de;654
test655n;test655v;test655@fh.de;655
test656n;test656v;test656@fh.de;656
test657n;test657v;test657@fh.de;657
test658n;test658v;test658@fh.de;658
test659n;test659v;test659@fh.de;659
test660n;test660v;test660@fh.de;660
test661n;test661v;test661@fh.de;661
test662n;test662v;test662@fh.de;662
test663n;test663v;test663@fh.de;663
test664n;test664v;test664@fh.de;664
test665n;test665v;test665@fh.de;665
test666n;test666v;test666@fh.de;666
test667n;test667v;test667@fh.de;667
test668n;test668v;test668@fh.de;668
test669n;test669v;test669@fh.de;669
test670n;test670v;test670@fh.de;670
test671n;test671v;test671@fh.de;671
test672n;test672v;test672@fh.de;672
test673n;test673v;test673@fh.de;673
test674n;test674v;test674@fh.de;674
test675n;test675v;test675@fh.de;675
test676n;test676v;test676@fh.de;676
test677n;test677v;test677@fh.de;677
test678n;test678v;test678@fh.de;678
test679n;test679v;test679@fh.de;679
test680n;test680v;test680@fh.de;680
test681n;test681v;test681@fh.de;681
test682n;test682v;test682@fh.de;682
test683n;test683v;test683@fh.de;683
test684n;test684v;test684@fh.de;684
test685n;test685v;test685@fh.de;685
test686n;test686v;test686@fh.de;686
test687n;test687v;test687@fh.de;687
test688n;test688v;test688@fh.de;688
test689n;test689v;test689@fh.de;689
test690n;test690v;test690@fh.de;690
test691n;test691v;test691@fh.de;691
test692n;test692v;test692@fh.de;692
test693n;test693v;test693@fh.de;693
test694n;test694v;test694@fh.de;694
test695n;test695v;test695@fh.de;695
test696n;test696v;test696@fh.de;696
test697n;test697v;test697@fh.de;697
test698n;test698v;test698@fh.de;698
test699n;test699v;test699@fh.de;699
test700n;test700v;test700@fh.de;700
test701n;test701v;test701@fh.de;701
test702n;test702v;test702@fh.de;702
test703n;test703v;test703@fh.de;703
test704n;test704v;test704@fh.de;704
test705n;test705v;test705@fh.de;705
test706n;test706v;test706@fh.de;706
test707n;test707v;test707@fh.de;707
test708n;test708v;test708@fh.de;708
test709n;test709v;test709@fh.de;709
test710n;test710v;test710@fh.de;710
test711n;test711v;test711@fh.de;711
test712n;test712v;test712@fh.de;712
test713n;test713v;test713@fh.de;713
test714n;test714v;test714@fh.de;714
test715n;test715v;test715@fh.de;715
test716n;test716v;test716@fh.de;716
test717n;test717v;test717@fh.de;717
test718n;test718v;test718@fh.de;718
test719n;test719v;test719@fh.de;719
test720n;test720v;test720@fh.de;720
test721n;test721v;test721@fh.de;721
test722n;test722v;test722@fh.de;722
test723n;test723v;test723@fh.de;723
test724n;test724v;test724@fh.de;724
test725n;test725v;test725@fh.de;725
test726n;test726v;test726@fh.de;726
test727n;test727v;test727@fh.de;727
test728n;test728v;test728@fh.de;728
test729n;test729v;test729@fh.de;729
test730n;test730v;test730@fh.de;730
test731n;test731v;test731@fh.de;731
test732n;test732v;test732@fh.de;732
test733n;test733v;test733@fh.de;733
test734n;test734v;test734@fh.de;734
test735n;test735v;test735@fh.de;735
test736n;test736v;test736@fh.de;736
test737n;test737v;test737@fh.de;737
test738n;test738v;test738@fh.de;738
test739n;test739v;test739@fh.de;739
test740n;test740v;test740@fh.de;740
test741n;test741v;test741@fh.de;741
test742n;test742v;test742@fh.de;742
test743n;test743v;test743@fh.de;743
test744n;test744v;test744@fh.de;744
test745n;test745v;test745@fh.de;745
test746n;test746v;test746@fh.de;746
test747n;test747v;test747@fh.de;747
test748n;test748v;test748@fh.de;748
test749n;test749v;test749@fh.de;749
test750n;test750v;test750@fh.de;750
test751n;test751v;test751@fh.de;751
test752n;test752v;test752@fh.de;752
test753n;test753v;test753@fh.de;753
test754n;test754v;test754@fh.de;754
test755n;test755v;test755@fh.de;755
test756n;test756v;test756@fh.de;756
test757n;test757v;test757@fh.de;757
test758n;test758v;test758@fh.de;758
test759n;test759v;test759@fh.de;759
test760n;test760v;test760@fh.de;760
test761n;test761v;test761@fh.de;761
test762n;test762v;test762@fh.de;762
test763n;test763v;test763@fh.de;763
test764n;test764v;test764@fh.de;764
test765n;test765v;test765@fh.de;765
test766n;test766v;test766@fh.de;766
test767n;test767v;test767@fh.de;767
test768n;test768v;test768@fh.de;768
test769n;test769v;test769@fh.de;769
test770n;test770v;test770@fh.de;770
test771n;test771v;test771@fh.de;771
test772n;test772v;test772@fh.de;772
test773n;test773v;test773@fh.de;773
test774n;test774v;test774@fh.de;774
test775n;test775v;test775@fh.de;775
test776n;test776v;test776@fh.de;776
test777n;test777v;test777@fh.de;777
test778n;test778v;test778@fh.de;778
test779n;test779v;test779@fh.de;779
test780n;test780v;test780@fh.de;780
test781n;test781v;test781@fh.de;781
test782n;test782v;test782@fh.de;782
test783n;test783v;test783@fh.de;783
test784n;test784v;test784@fh.de;784
test785n;test785v;test785@fh.de;785
test786n;test786v;test786@fh.de;786
test787n;test787v;test787@fh.de;787
test788n;test788v;test788@fh.de;788
test789n;test789v;test789@fh.de;789
test790n;test790v;test790@fh.de;790
test791n;test791v;test791@fh.de;791
test792n;test792v;test792@fh.de;792
test793n;test793v;test793@fh.de;793
test794n;test794v;test794@fh.de;794
test795n;test795v;test795@fh.de;795
test796n;test796v;test796@fh.de;796
test797n;test797v;test797@fh.de;797
test798n;test798v;test798@fh.de;798
test799n;test799v;test799@fh.de;799
test800n;test800v;test800@fh.de;800
test801n;test801v;test801@fh.de;801
test802n;test802v;test802@fh.de;802
test803n;test803v;test803@fh.de;803
test804n;test804v;test804@fh.de;804
test805n;test805v;test805@fh.de;805
test806n;test806v;test806@fh.de;806
test807n;test807v;test807@fh.de;807
test808n;test808v;test808@fh.de;808
test809n;test809v;test809@fh.de;809
test810n;test810v;test810@fh.de;810
test811n;test811v;test811@fh.de;811
test812n;test812v;test812@fh.de;812
test813n;test813v;test813@fh.de;813
test814n;test814v;test814@fh.de;814
test815n;test815v;test815@fh.de;815
test816n;test816v;test816@fh.de;816
test817n;test817v;test817@fh.de;817
test818n;test818v;test818@fh.de;818
test819n;test819v;test819@fh.de;819
test820n;test820v;test820@fh.de;820
test821n;test821v;test821@fh.de;821
test822n;test822v;test822@fh.de;822
test823n;test823v;test823@fh.de;823
test824n;test824v;test824@fh.de;824
test825n;test825v;test825@fh.de;825
test826n;test826v;test826@fh.de;826
test827n;test827v;test827@fh.de;827
test828n;test828v;test828@fh.de;828
test829n;test829v;test829@fh.de;829
test830n;test830v;test830@fh.de;830
test831n;test831v;test831@fh.de;831
test832n;test832v;test832@fh.de;832
test833n;test833v;test833@fh.de;833
test834n;test834v;test834@fh.de;834
test835n;test835v;test835@fh.de;835
test836n;test836v;test836@fh.de;836
test837n;test837v;test837@fh.de;837
test838n;test838v;test838@fh.de;838
test839n;test839v;test839@fh.de;839
test840n;test840v;test840@fh.de;840
test841n;test841v;test841@fh.de;841
test842n;test842v;test842@fh.de;842
test843n;test843v;test843@fh.de;843
test844n;test844v;test844@fh.de;844
test845n;test845v;test845@fh.de;845
test846n;test846v;test846@fh.de;846
test847n;test847v;test847@fh.de;847
test848n;test848v;test848@fh.de;848
test849n;test849v;test849@fh.de;849
test850n;test850v;test850@fh.de;850
test851n;test851v;test851@fh.de;851
test852n;test852v;test852@fh.de;852
test853n;test853v;test853@fh.de;853
test854n;test854v;test854@fh.de;854
test855n;test855v;test855@fh.de;855
test856n;test856v;test856@fh.de;856
test857n;test857v;test857@fh.de;857
test858n;test858v;test858@fh.de;858
test859n;test859v;test859@fh.de;859
test860n;test860v;test860@fh.de;860
test861n;test861v;test861@fh.de;861
test862n;test862v;test862@fh.de;862
test863n;test863v;test863@fh.de;863
test864n;test864v;test864@fh.de;864
test865n;test865v;test865@fh.de;865
test866n;test866v;test866@fh.de;866
test867n;test867v;test867@fh.de;867
test868n;test868v;test868@fh.de;868
test869n;test869v;test869@fh.de;869
test870n;test870v;test870@fh.de;870
test871n;test871v;test871@fh.de;871
test872n;test872v;test872@fh.de;872
test873n;test873v;test873@fh.de;873
test874n;test874v;test874@fh.de;874
test875n;test875v;test875@fh.de;875
test876n;test876v;test876@fh.de;876
test877n;test877v;test877@fh.de;877
test878n;test878v;test878@fh.de;878
test879n;test879v;test879@fh.de;879
test880n;test880v;test880@fh.de;880
test881n;test881v;test881@fh.de;881
test882n;test882v;test882@fh.de;882
test883n;test883v;test883@fh.de;883
test884n;test884v;test884@fh.de;884
test885n;test885v;test885@fh.de;885
test886n;test886v;test886@fh.de;886
test887n;test887v;test887@fh.de;887
test888n;test888v;test888@fh.de;888
test889n;test889v;test889@fh.de;889
test890n;test890v;test890@fh.de;890
test891n;test891v;test891@fh.de;891
test892n;test892v;test892@fh.de;892
test893n;test893v;test893@fh.de;893
test894n;test894v;test894@fh.de;894
test895n;test895v;test895@fh.de;895
test896n;test896v;test896@fh.de;896
test897n;test897v;test897@fh.de;897
test898n;test898v;test898@fh.de;898
test899n;test899v;test899@fh.de;899
test900n;test900v;test900@fh.de;900
test901n;test901v;test901@fh.de;901
test902n;test902v;test902@fh.de;902
test903n;test903v;test903@fh.de;903
test904n;test904v;test904@fh.de;904
test905n;test905v;test905@fh.de;905
test906n;test906v;test906@fh.de;906
test907n;test907v;test907@fh.de;907
test908n;test908v;test908@fh.de;908
test909n;test909v;test909@fh.de;909
test910n;test910v;test910@fh.de;910
test911n;test911v;test911@fh.de;911
test912n;test912v;test912@fh.de;912
test913n;test913v;test913@fh.de;913
test914n;test914v;test914@fh.de;914
test915n;test915v;test915@fh.de;915
test916n;test916v;test916@fh.de;916
test917n;test917v;test917@fh.de;917
test918n;test918v;test918@fh.de;918
test919n;test919v;test919@fh.de;919
test920n;test920v;test920@fh.de;920
test921n;test921v;test921@fh.de;921
test922n;test922v;test922@fh.de;922
test923n;test923v;test923@fh.de;923
test924n;test924v;test924@fh.de;924
test925n;test925v;test925@fh.de;925
test926n;test926v;test926@fh.de;926
test927n;test927v;test927@fh.de;927
test928n;test928v;test928@fh.de;928
test929n;test929v;test929@fh.de;929
test930n;test930v;test930@fh.de;930
test931n;test931v;test931@fh.de;931
test932n;test932v;test932@fh.de;932
test933n;test933v;test933@fh.de;933
test934n;test934v;test934@fh.de;934
test935n;test935v;test935@fh.de;935
test936n;test936v;test936@fh.de;936
test937n;test937v;test937@fh.de;937
test938n;test938v;test938@fh.de;938
test939n;test939v;test939@fh.de;939
test940n;test940v;test940@fh.de;940
test941n;test941v;test941@fh.de;941
test942n;test942v;test942@fh.de;942
test943n;test943v;test943@fh.de;943
test944n;test944v;test944@fh.de;944
test945n;test945v;test945@fh.de;945
test946n;test946v;test946@fh.de;946
test947n;test947v;test947@fh.de;947
test948n;test948v;test948@fh.de;948
test949n;test949v;test949@fh.de;949
test950n;test950v;test950@fh.de;950
test951n;test951v;test951@fh.de;951
test952n;test952v;test952@fh.de;952
test953n;test953v;test953@fh.de;953
test954n;test954v;test954@fh.de;954
test955n;test955v;test955@fh.de;955
test956n;test956v;test956@fh.de;956
test957n;test957v;test957@fh.de;957
test958n;test958v;test958@fh.de;958
test959n;test959v;test959@fh.de;959
test960n;test960v;test960@fh.de;960
test961n;test961v;test961@fh.de;961
test962n;test962v;test962@fh.de;962
test963n;test963v;test963@fh.de;963
test964n;test964v;test964@fh.de;964
test965n;test965v;test965@fh.de;965
test966n;test966v;test966@fh.de;966
test967n;test967v;test967@fh.de;967
test968n;test968v;test968@fh.de;968
test969n;test969v;test969@fh.de;969
test970n;test970v;test970@fh.de;970
test971n;test971v;test971@fh.de;971
test972n;test972v;test972@fh.de;972
test973n;test973v;test973@fh.de;973
test974n;test974v;test974@fh.de;974
test975n;test975v;test975@fh.de;975
test976n;test976v;test976@fh.de;976
test977n;test977v;test977@fh.de;977
test978n;test978v;test978@fh.de;978
test979n;test979v;test979@fh.de;979
test980n;test980v;test980@fh.de;980
test981n;test981v;test981@fh.de;981
test982n;test982v;test982@fh.de;982
test983n;test983v;test983@fh.de;983
test984n;test984v;test984@fh.de;984
test985n;test985v;test985@fh.de;985
test986n;test986v;test986@fh.de;986
test987n;test987v;test987@fh.de;987
test988n;test988v;test988@fh.de;988
test989n;test989v;test989@fh.de;989
test990n;test990v;test990@fh.de;990
test991n;test991v;test991@fh.de;991
test992n;test992v;test992@fh.de;992
test993n;test993v;test993@fh.de;993
test994n;test994v;test994@fh.de;994
test995n;test995v;test995@fh.de;995
test996n;test996v;test996@fh.de;996
test997n;test997v;test997@fh.de;997
test998n;test998v;test998@fh.de;998
test999n;test999v;test999@fh.de;999
